이름,나이,거주지
박재현,32,인천
홍길동,30,서울
김철수,28,부산
이영희,26,대구
박재현,32,인천
홍길동,30,서울
김철수,28,부산
이영희,26,대구
박재현,32,인천
홍길동,30,서울
김철수,28,부산
이영희,26,대구
박재현,32,인천
홍길동,30,서울
김철수,28,부산
이영희,26,대구
박재현,32,인천
홍길동,30,서울
김철수,28,부산
이영희,26,대구
박재현,32,인천
홍길동,30,서울
김철수,28,부산
이영희,26,대구
박재현,32,인천
홍길동,30,서울
김철수,28,부산
이영희,26,대구
박재현,32,인천
홍길동,30,서울
김철수,28,부산
이영희,26,대구
박재현,32,인천
홍길동,30,서울
김철수,28,부산
이영희,26,대구
박재현,32,인천
홍길동,30,서울
김철수,28,부산
이영희,26,대구
박재현,32,인천
홍길동,30,서울
김철수,28,부산
이영희,26,대구
박재현,32,인천
홍길동,30,서울
김철수,28,부산
이영희,26,대구
박재현,32,인천
홍길동,30,서울
김철수,28,부산
이영희,26,대구
박재현,32,인천
홍길동,30,서울
김철수,28,부산
이영희,26,대구
박재현,32,인천
홍길동,30,서울
김철수,28,부산
이영희,26,대구
박재현,32,인천
홍길동,30,서울
김철수,28,부산
이영희,26,대구
박재현,32,인천
홍길동,30,서울
김철수,28,부산
이영희,26,대구
박재현,32,인천
홍길동,30,서울
김철수,28,부산
이영희,26,대구
박재현,32,인천
홍길동,30,서울
김철수,28,부산
이영희,26,대구
박재현,32,인천
홍길동,30,서울
김철수,28,부산
이영희,26,대구
박재현,32,인천
홍길동,30,서울
김철수,28,부산
이영희,26,대구
박재현,32,인천
홍길동,30,서울
김철수,28,부산
이영희,26,대구
박재현,32,인천
홍길동,30,서울
김철수,28,부산
이영희,26,대구
박재현,32,인천
홍길동,30,서울
김철수,28,부산
이영희,26,대구
,32,인천
,30,서울
,28,부산
이영희,26,대구